L10101,L101,,,,,
L10201,L102,,,,,
L10401,L104,,,,,
L10501,L105,,,,,
L10601,L106,,,,,
L10701,L107,,,,,
L10801,L108,,,,,
L10901,L109,,,,,
L11001,L110,,,,,
L11101,L111,,,,,
L11201,L112,,,,,
L11401,L114,,,,,
L11501,L115,,,,,
L11601,L116,,,,,
L11701,L117,,,,,
L11803,L118,,,,,
L119B01,L119B,,,,,
L12002,L120,,,,,
L12101,L121,,,,,
L12201,L122,,,,,
L12301,L123,,,,,
L123A01,L123A,,,,,
L12402,L124,,,,,
L12501,L125,,,,,
L12601,L126,,,,,
L12701,L127,,,,,
L12801,L128,,,,,
L12902,L129,,,,,
L13003,L130,,,,,
L13101,L131,,,,,
L13301,L133,,,,,
L13401,L134,,,,,
L14101,L141,,,,,
L14201,L142,,,,,
L14301,L143,,,,,
L14501,L145,,,,,
L14701,L147,,,,,
L14801,L148,,,,,
L15002,L150,,,,,
L15201,L152,,,,,
L15301,L153,,,,,
L161K01,L161K,,,,,
L21201,L212,,,,,
L21901,L219,,,,,
L22101,L221,,,,,
L221A02,L221A,,,,,
L22202,L222,,,,,
L22302,L223,,,,,
L22401,L224,,,,,
L22502,L225,,,,,
L22602,L226,,,,,
L22902,L229,,,,,
L24702,L247,,,,,
L24802,L248,,,,,
L24901,L249,,,,,
L25001,L250,,,,,
L25101,L251,,,,,
L25202,L252,,,,,
L261K01,L261K,,,,,
L262K02,L262K,,,,,
L30201,L302,,,,,
L30401,L304,,,,,
L30501,L305,,,,,
L30601,L306,,,,,
L30701,L307,,,,,
L30802,L308,,,,,
L30901,L309,,,,,
L31001,L310,,,,,
L31101,L311,,,,,
L31202,L312,,,,,
L31401,L314,,,,,
L31501,L315,,,,,
L31601,L316,,,,,
L31701,L317,,,,,
L31801,L318,,,,,
L31901,L319,,,,,
L320A01,L320A,,,,,
L320B01,L320B,,,,,
L32101,L321,,,,,
L32201,L322,,,,,
L32301,L323,,,,,
L32401,L324,,,,,
L32501,L325,,,,,
L32601,L326,,,,,
L32702,L327,,,,,
L32801,L328,,,,,
L32901,L329,,,,,
L331K01,L331K,,,,,
L402A01,L402A,,,,,
L402B01,L402B,,,,,
L40302,L403,,,,,
L40401,L404,,,,,
L40502,L405,,,,,
L406A01,L406A,,,,,
L406B01,L406B,,,,,
L40701,L407,,,,,
L40802,L408,,,,,
L40901,L409,,,,,
L41001,L410,,,,,
L411A01,L411A,,,,,
L411B01,L411B,,,,,
L41201,L412,,,,,
L413A01,L413A,,,,,
L413B01,L413B,,,,,
L41402,L414,,,,,
L41502,L415,,,,,
L416A01,L416A,,,,,
L416B01,L416B,,,,,
L41702,L417,,,,,
L41801,L418,,,,,
L42002,L420,,,,,
L42102,L421,,,,,
L42202,L422,,,,,
L42301,L423,,,,,
L42402,L424,,,,,
L42501,L425,,,,,
L42703,L427,,,,,
L42801,L428,,,,,
L431K02,L431K,,,,,
L432K01,L432K,,,,,
L434K02,L434K,,,,,
L50101,L501,,,,,
L50201,L502,,,,,
L502A03,L502A,,,,,
L50301,L503,,,,,
L50501,L505,,,,,
L50602,L506,,,,,
L50701,L507,,,,,
L50902,L509,,,,,
L51302,L513,,,,,
L514A01,L514A,,,,,
L514B01,L514B,,,,,
L515A02,L515A,,,,,
L51601,L516,,,,,
L51701,L517,,,,,
L51801,L518,,,,,
L51901,L519,,,,,
L52101,L521,,,,,
L53102,L531,,,,,
L53201,L532,,,,,
L53302,L533,,,,,
L53402,L534,,,,,
L53502,L535,,,,,
L53601,L536,,,,,
L53702,L537,,,,,
L53801,L538,,,,,
L53902,L539,,,,,
L54001,L540,,,,,
L54101,L541,,,,,
L54201,L542,,,,,
L54301,L543,,,,,
L543A01,L543A,,,,,
L54402,L544,,,,,
L54502,L545,,,,,
L54601,L546,,,,,
L551K01,L551K,,,,,
L553K03,L553K,,,,,
L554K02,L554K,,,,,
L555K02,L555K,,,,,
L556K01,L556K,,,,,
L557K02,L557K,,,,,
L558K02,L558K,,,,,
L559K01,L559K,,,,,
L560K02,L560K,,,,,
L60501,L605,,,,,
L60602,L606,,,,,
L60701,L607,,,,,
L60801,L608,,,,,
L61001,L610,,,,,
L611A02,L611A,,,,,
L611B01,L611B,,,,,
L61202,L612,,,,,
L613A01,L613A,,,,,
L613B01,L613B,,,,,
L61401,L614,,,,,
L61501,L615,,,,,
L61601,L616,,,,,
L61702,L617,,,,,
L61802,L618,,,,,
L621A02,L621A,,,,,
L621B02,L621B,,,,,
L621C02,L621C,,,,,
L621D01,L621D,,,,,
L621E01,L621E,,,,,
L622A01,L622A,,,,,
L622B01,L622B,,,,,
L622C01,L622C,,,,,
L62301,L623,,,,,
L62401,L624,,,,,
L625A02,L625A,,,,,
L625B02,L625B,,,,,
L62602,L626,,,,,
L627A01,L627A,,,,,
L627B01,L627B,,,,,
L628A01,L628A,,,,,
L628B01,L628B,,,,,
L62902,L629,,,,,
L630A01,L630A,,,,,
L630B01,L630B,,,,,
L63101,L631,,,,,
L632A01,L632A,,,,,
L632B01,L632B,,,,,
L633A02,L633A,,,,,
L633B02,L633B,,,,,
L63401,L634,,,,,
L642K02,L642K,,,,,
L643K01,L643K,,,,,
L644K02,L644K,,,,,
L646K02,L646K,,,,,
L647K01,L647K,,,,,
L652K01,L652K,,,,,
L653K01,L653K,,,,,
L654K01,L654K,,,,,
L655K01,L655K,,,,,
L658K01,L658K,,,,,
L659K01,L659K,,,,,
L660K01,L660K,,,,,
L661K01,L661K,,,,,
L662K01,L662K,,,,,
L70103,L701,,,,,
L70201,L702,,,,,
L70301,L703,,,,,
L70402,L704,,,,,
L70502,L705,,,,,
L70702,L707,,,,,
L70802,L708,,,,,
LG10101,LG101,,,,,
LG10301,LG103,,,,,
LG104A02,LG104A,,,,,
LG104B02,LG104B,,,,,
LG10502,LG105,,,,,
LG10602,LG106,,,,,
LG10702,LG107,,,,,
LG10802,LG108,,,,,
LG109A01,LG109A,,,,,
LG109B01,LG109B,,,,,
LG11001,LG110,,,,,
LG11301,LG113,,,,,
LG114A01,LG114A,,,,,
LG114B01,LG114B,,,,,
LG11502,LG115,,,,,
LG11601,LG116,,,,,
LG121B02,LG121B,,,,,
LG12201,LG122,,,,,
LG12301,LG123,,,,,
LG123A01,LG123A,,,,,
LG12401,LG124,,,,,
LG12501,LG125,,,,,
LG12603,LG126,,,,,
LG127A01,LG127A,,,,,
LG127B01,LG127B,,,,,
LG128A01,LG128A,,,,,
LG128B01,LG128B,,,,,
LG12902,LG129,,,,,
LG13101,LG131,,,,,
LG14101,LG141,,,,,
LG14301,LG143,,,,,
LG14401,LG144,,,,,
LG14501,LG145,,,,,
LG146A01,LG146A,,,,,
LG146B01,LG146B,,,,,
LG14701,LG147,,,,,
LG14902,LG149,,,,,
LG15001,LG150,,,,,
LG15102,LG151,,,,,
LG15201,LG152,,,,,
LG15302,LG153,,,,,
LG15401,LG154,,,,,
LG162K01,LG162K,,,,,
LG163K01,LG163K,,,,,
LG164K01,LG164K,,,,,
LG165K03,LG165K,,,,,
LG166K01,LG166K,,,,,
LG20202,LG201,,,,,
LG20302,LG203,,,,,
LG20401,LG204,,,,,
LG204A01,LG204A,,,,,
LG20501,LG205,,,,,
LG20601,LG206,,,,,
LG20701,LG207,,,,,
LG20901,LG209,,,,,
LG210A03,LG210A,,,,,
LG210B01,LG210B,,,,,
LG211B02,LG211B,,,,,
LG212A02,LG212A,,,,,
LG212B02,LG212B,,,,,
LG212C01,LG212C,,,,,
LG21302,LG213,,,,,
LG214A01,LG214A,,,,,
LG214B02,LG214B,,,,,
LG215B02,LG215B,,,,,
LG215C03,LG215C,,,,,
LG21601,LG216,,,,,
LG21702,LG217,,,,,
LG21801,LG218,,,,,
LG22001,LG220,,,,,
LG220A01,LG220A,,,,,
LG22101,LG221,,,,,
LG22302,LG223,,,,,
LG22401,LG224,,,,,
LG22501,LG225,,,,,
LG23602,LG236,,,,,
LG23701,LG237,,,,,
LG239A01,LG239A,,,,,
LG239B02,LG239B,,,,,
LG24002,LG240,,,,,
LG241B01,LG241B,,,,,
LG251K02,LG251K,,,,,
LG252K01,LG252K,,,,,
LG253K02,LG253K,,,,,
LG254K02,LG254K,,,,,
LG255K01,LG255K,,,,,
LG256K01,LG256K,,,,,
LG257K01,LG257K,,,,,
LG4-0101,LG401,,,,,
SR00101,LG222,,,,,
T2L10101,T2L101,,,,,
T30101,T301,,,,,
T3L10101,T3L101,,,,,
T40101,T401,,,,,
,,,,,,
